table_type_e,table_type_c,table_code,district_e,district_c,nominee_count,name_e,name_c,alias_e,alias_c,gender_e,gender_c,occupation_e,occupation_c,affiliation_e,affiliation_c,date_of_nomination
Functional Constituencies,功能界別,FC_ALLO,"Architectural, Surveying, Planning and Landscape",建築、測量、都市規劃及園境界,1,KWAN Siu-lun,關兆倫,,,M,男,Architect,建築師,,,20/7/2020
Functional Constituencies,功能界別,FC_ALLO,"Sports, Performing Arts, Culture and Publication",體育、演藝、文化及出版界,1,CHOW Siu-lung Herbert,周小龍,,,M,男,Businessman,商人,Independent Candidate,獨立候選人,22/7/2020
Functional Constituencies,功能界別,FC_ALLO,Accountancy,會計界,1,LEUNG Kai-cheong Kenneth,梁繼昌,,,M,男,Tax Consultant,稅務顧問,Professionals Guild,專業議政,18/7/2020
Functional Constituencies,功能界別,FC_ALLO,Agriculture and Fisheries,漁農界,1,HO Chun-yin Steven,何俊賢,,,M,男,Legislative Council Member,立法會議員,Democratic Alliance for the Betterment and Progress of Hong Kong,民主建港協進聯盟,18/7/2020
Functional Constituencies,功能界別,FC_ALLO,Catering,飲食界,1,CHEUNG Yu-yan Tommy,張宇人,,,M,男,Businessman,商人,Liberal Party,自由黨,18/7/2020
Functional Constituencies,功能界別,FC_ALLO,Commercial (first),商界（第一）,1,LAM Kin-fung Jeffrey,林健鋒,,,M,男,Managing Director,董事長,BPA,經民聯,22/7/2020
Functional Constituencies,功能界別,FC_ALLO,Commercial (second),商界（第二）,1,LIAO Cheung-kong Martin,廖長江,,,M,男,Barrister-at-law,大律師,,,24/7/2020
Functional Constituencies,功能界別,FC_ALLO,District Council (first),區議會（第一）,1,CHAN Chun-chit Richard,陳振哲,,,M,男,District Council Member,區議員,,,24/7/2020
Functional Constituencies,功能界別,FC_ALLO,Education,教育界,1,TANG Fei,鄧飛,,,M,男,Principal,中學校長,Hong Kong Federation of Education Workers,香港教育工作者聯會,18/7/2020
Functional Constituencies,功能界別,FC_ALLO,Engineering,工程界,1,CHING Ming-tat,程明達,Louis Ching,程Sir,M,男,Engineer,工程師,,,18/7/2020
Functional Constituencies,功能界別,FC_ALLO,Finance,金融界,1,CHAN Chun-ying,陳振英,,,M,男,*Bank Advisor,*銀行顧問,,,21/7/2020
Functional Constituencies,功能界別,FC_ALLO,Financial Services,金融服務界,1,TSUI Luen-on,徐聯安,,,M,男,Chairman,集團主席,,,18/7/2020
Functional Constituencies,功能界別,FC_ALLO,Functional Constituency,功能界別,1,Name of Nominees (Surname first),獲提名人士姓名,Alias,(姓氏先行),Gender,別名,Occupation,性別,Political Affiliation,職業,Date of Nomination
Functional Constituencies,功能界別,FC_ALLO,Health Services,衞生服務界,1,YU Wai-ming Winnie,余慧明,,,F,女,"Health Informatics Analyst, Registered Nurse",醫療信息主任、註冊護士,,,27/7/2020
Functional Constituencies,功能界別,FC_ALLO,Heung Yee Kuk,鄉議局,1,LAU Ip-keung Kenneth,劉業強,,,M,男,Businessman,商人,BPA,經民聯,23/7/2020
Functional Constituencies,功能界別,FC_ALLO,Import and Export,進出口界,1,WONG Kennedy Ying-ho,黃英豪,,,M,男,"Solicitor, Merchant",律師、商人,Democratic Alliance for the Betterment and Progress of Hong Kong,民主建港協進聯盟,22/7/2020
Functional Constituencies,功能界別,FC_ALLO,Industrial (first),工業界（第一）,1,LEUNG Kwan-yuen Andrew,梁君彥,,,M,男,Consultant,顧問,Business and Professionals Alliance for Hong Kong,香港經濟民生聯盟,22/7/2020
Functional Constituencies,功能界別,FC_ALLO,Industrial (second),工業界（第二）,1,NG Wing-ka,吳永嘉,,,M,男,"Legal Practitioner, Director",執業律師、公司董事,*Business and Professionals Alliance for Hong Kong,香港經濟民生聯盟,22/7/2020
Functional Constituencies,功能界別,FC_ALLO,Information Technology,資訊科技界,1,WONG Ho-wa,黃浩華,,,M,男,Data Scientist,數據科學家,IT Vision,IT Vision,20/7/2020
Functional Constituencies,功能界別,FC_ALLO,Insurance,保險界,1,CHAN Kin-por,陳健波,,,M,男,Member of the Legislative Council,立法會議員,,,21/7/2020
Functional Constituencies,功能界別,FC_ALLO,Labour,勞工界,1,WONG Kwok Kingsley,黃國,,,M,男,Labour Service,工會工作者,FTU,工聯會,22/7/2020
Functional Constituencies,功能界別,FC_ALLO,Legal,法律界,1,KWOK Wing-hang,郭榮鏗,Dennis,,M,男,Barrister-at-law,大律師,Civic Party,公民黨,20/7/2020
Functional Constituencies,功能界別,FC_ALLO,Medical,醫學界,1,CHAN Pierre,陳沛然,,,M,男,Medical Doctor,醫生,,,21/7/2020
Functional Constituencies,功能界別,FC_ALLO,Real Estate and Construction,地產及建造界,1,SHEK Lai-him Abraham,石禮謙,Abraham Razack,,M,男,Businessman,商人,BPA,經民聯,22/7/2020
Functional Constituencies,功能界別,FC_ALLO,Social Welfare,社會福利界,1,CHEUNG Chi-wai,張志偉,,,M,男,Social Worker,社會工作者,Hong Kong Social Workers' General Union,香港社會工作者總工會,18/7/2020
Functional Constituencies,功能界別,FC_ALLO,Textiles and Garment,紡織及製衣界,1,CHUNG Kwok-pan,鍾國斌,,,M,男,Merchant,商人,Liberal Party,自由黨,23/7/2020
Functional Constituencies,功能界別,FC_ALLO,Tourism,旅遊界,1,YIU Pak-leung,姚柏良,,,M,男,,,,,18/7/2020
Functional Constituencies,功能界別,FC_ALLO,Transport,航運交通界,1,YICK Chi-ming Frankie,易志明,,,M,男,Business Executive,行政人員,Liberal Party,自由黨,24/7/2020
Functional Constituencies,功能界別,FC_ALLO,Wholesale and Retail,批發及零售界,1,CHEUNG Sau-yin,張秀賢,,,M,男,"Assistant General Manager, District Councillor",助理總經理、區議員,Independent Democrat,獨立民主派,23/7/2020
Functional Constituencies,功能界別,FC_DS,District Council (second),區議會（第二）,1,SHUM Lester,岑敖暉,,,M,男,District Councillor,區議員,,,24/7/2020
Geographical Constituencies,地方選區,LC1,Hong Kong Island,香港島,1,TANG Wai-chun,鄧偉俊,,,M,男,Chef,廚師,Hong Kong Young Heart,香港初心,18/7/2020
Geographical Constituencies,地方選區,LC2,Kowloon West,九龍西,1,LEE On-kau,李安求,,,M,男,Salesman,售貨員,Hong Kong Policy Change,香港政策改變,18/7/2020
Geographical Constituencies,地方選區,LC3,Kowloon East,九龍東,1,KAN Ming-tung,簡銘東,,,M,男,Kwun Tong District Council Member,觀塘區議員,FTU,工聯會,20/7/2020
Geographical Constituencies,地方選區,LC3,Kowloon East,九龍東,1,LUK Chung-hung,陸頌雄,,,M,男,Legislative Council Member,立法會議員,FTU,工聯會,20/7/2020
Geographical Constituencies,地方選區,LC3,Kowloon East,九龍東,1,MOW Tai-hing,繆泰興,,,M,男,Trade Union Worker,工會工作者,,,20/7/2020
Geographical Constituencies,地方選區,LC3,Kowloon East,九龍東,1,TANG Ka-piu,鄧家彪,,,M,男,Trade Union Worker,工會工作者,FTU,工聯會,20/7/2020
Geographical Constituencies,地方選區,LC3,Kowloon East,九龍東,1,WONG Kwok-kin,黃國健,,,M,男,Legislative Councillor,立法會議員,FTU,工聯會,20/7/2020
Geographical Constituencies,地方選區,LC4,New Territories West,新界西,1,CHENG Chung-tai,鄭松泰,,,M,男,Member of LegCo,立法會議員,Civic Passion,熱血公民,18/7/2020
Geographical Constituencies,地方選區,LC5,New Territories East,新界東,1,LAM Hak-lam,林克霖,Dragonheart,龍心,M,男,"IT Expert, Carpenter, Plumber, Taxi-Truck Driver, Cleaner",電腦專才、木工水喉師傅、的士貨車、清潔工人,,,18/7/2020
Functional Constituencies,功能界別,FC_ALLO,"Architectural, Surveying, Planning and Landscape",建築、測量、都市規劃及園境界,2,TSE Wai-chuen Tony,謝偉銓,,,M,男,Surveyor,測量師,,,27/7/2020
Functional Constituencies,功能界別,FC_ALLO,"Sports, Performing Arts, Culture and Publication",體育、演藝、文化及出版界,2,LEE Kam-tim,李錦添,,,M,男,Property Management,物業管理,Political Independent,政治獨立,23/7/2020
Functional Constituencies,功能界別,FC_ALLO,Accountancy,會計界,2,LAM Chi-yuen Nelson,林智遠,,,M,男,Accountant,會計師,,,20/7/2020
Functional Constituencies,功能界別,FC_ALLO,Catering,飲食界,2,LAM Sui-wa,林瑞華,,,M,男,Businessman,商人,Civic Party,公民黨,22/7/2020
Functional Constituencies,功能界別,FC_ALLO,Commercial (first),商界（第一）,2,SUEN Chi-hang,孫志恒,Henry,,M,男,Director,董事,,,31/7/2020
Functional Constituencies,功能界別,FC_ALLO,District Council (first),區議會（第一）,2,LAU Cheuk-yu,劉卓裕,,,M,男,District Councillor,區議員,,,25/7/2020
Functional Constituencies,功能界別,FC_ALLO,Education,教育界,2,IP Kin-yuen,葉建源,,,M,男,"Legislative Councillor, Registered Teacher",立法會議員、檢定教員,Hong Kong Professional Teachers' Union,香港教育專業人員協會,18/7/2020
Functional Constituencies,功能界別,FC_ALLO,Engineering,工程界,2,LO Wai-kwok,盧偉國,,,M,男,Engineer,工程師,BPA,經民聯,18/7/2020
Functional Constituencies,功能界別,FC_ALLO,Financial Services,金融服務界,2,CHIM Kim-lun Ricky,詹劍崙,,,M,男,Merchant,商人,,,21/7/2020
Functional Constituencies,功能界別,FC_ALLO,Health Services,衞生服務界,2,SO Yiu-wah,蘇曜華,,,M,男,Pharmacist,藥劑師,,,28/7/2020
Functional Constituencies,功能界別,FC_ALLO,Import and Export,進出口界,2,LAM King-nam,林景楠,,,M,男,Merchant,商人,,,30/7/2020
Functional Constituencies,功能界別,FC_ALLO,Information Technology,資訊科技界,2,CHU Ka-yin Norma,朱嘉盈,,,F,女,CEO,行政總裁,Independent Candidate,獨立候選人,29/7/2020
Functional Constituencies,功能界別,FC_ALLO,Labour,勞工界,2,LEUNG Tsz-wing Dennis,梁子穎,,,M,男,Community Officer,社區主任,FTU,工聯會,22/7/2020
Functional Constituencies,功能界別,FC_ALLO,Legal,法律界,2,DALEY MAK Hing-fun Angel,麥慶歡,,,F,女,Barrister at Law,大律師,,,28/7/2020
Functional Constituencies,功能界別,FC_ALLO,Medical,醫學界,2,LAM Tzit-yuen David,林哲玄,,,M,男,Doctor (Surgeon),醫生（外科）,,,27/7/2020
Functional Constituencies,功能界別,FC_ALLO,Social Welfare,社會福利界,2,TAM Wing-fun Eric,譚榮勳,,,M,男,RSW,註冊社工,DAB,民建聯,27/7/2020
Functional Constituencies,功能界別,FC_ALLO,Textiles and Garment,紡織及製衣界,2,YEUNG Chin,楊展,,,M,男,Fashion Designer,時裝設計師,,,30/7/2020
Functional Constituencies,功能界別,FC_ALLO,Tourism,旅遊界,2,YIP Hing-ning Freddy,葉慶寧,,,M,男,Travel Agent Owner,旅行社東主,Independent Candidate,獨立候選人,28/7/2020
Functional Constituencies,功能界別,FC_ALLO,Wholesale and Retail,批發及零售界,2,SHIU Ka-fai,邵家輝,,,M,男,"Legislative Councillor, Company Director",立法會議員、公司董事,Liberal Party,自由黨,28/7/2020
Functional Constituencies,功能界別,FC_DS,District Council (second),區議會（第二）,2,TO Kun-sun James,涂謹申,,,M,男,"Member of Legislative Council, Solicitor",立法會議員、律師,The Democratic Party,民主黨,25/7/2020
Functional Constituencies,功能界別,FC_DS,District Council (second),區議會（第二）,2,YUEN Hoi-man,袁海文,Ramon,,M,男,District Councillor,區議員,The Democratic Party,民主黨,25/7/2020
Geographical Constituencies,地方選區,LC1,Hong Kong Island,香港島,2,CHENG Kam-mun,鄭錦滿,,,M,男,Legislative Assistant,立法會議員助理,Civic Passion,熱血公民,18/7/2020
Geographical Constituencies,地方選區,LC1,Hong Kong Island,香港島,2,CHONG Tsz-yan,莊芷茵,,法子,F,女,Internet Radio Presenter,網台主持,Civic Passion,熱血公民,18/7/2020
Geographical Constituencies,地方選區,LC2,Kowloon West,九龍西,2,CHAN Hoi-yan,陳凱欣,,,F,女,Members of the Legislative Council,立法會議員,,,22/7/2020
Geographical Constituencies,地方選區,LC2,Kowloon West,九龍西,2,CHEN Lihong,陳麗紅,,,F,女,Community Organizer,社區幹事,,,22/7/2020
Geographical Constituencies,地方選區,LC2,Kowloon West,九龍西,2,HO Hin-ming,何顯明,,,M,男,District Councillor Members,區議員,,,22/7/2020
Geographical Constituencies,地方選區,LC2,Kowloon West,九龍西,2,LEE Man-kit,李文傑,,,M,男,Community Organizer,社區幹事,,,22/7/2020
Geographical Constituencies,地方選區,LC3,Kowloon East,九龍東,2,CHEUNG Ki-tang,張琪騰,,,M,男,,,DAB,民建聯,20/7/2020
Geographical Constituencies,地方選區,LC3,Kowloon East,九龍東,2,CHEUNG Pui-kong,張培剛,,,M,男,,,DAB,民建聯,20/7/2020
Geographical Constituencies,地方選區,LC3,Kowloon East,九龍東,2,LAI Wing-ho Joe,黎榮浩,,,M,男,,,DAB,民建聯,20/7/2020
Geographical Constituencies,地方選區,LC3,Kowloon East,九龍東,2,LEUNG Tang-fung,梁騰丰,,,M,男,,,DAB,民建聯,20/7/2020
Geographical Constituencies,地方選區,LC3,Kowloon East,九龍東,2,POON Cheuk-bun,潘卓斌,,,M,男,,,DAB,民建聯,20/7/2020
Geographical Constituencies,地方選區,LC4,New Territories West,新界西,2,CHAN Han-pan,陳恒鑌,,,M,男,Councillor,議員,DAB,民建聯,20/7/2020
Geographical Constituencies,地方選區,LC4,New Territories West,新界西,2,KWOK Fu-yung,郭芙蓉,,,F,女,Kwai Tsing District Council Member,葵青區議員,DAB,民建聯,20/7/2020
Geographical Constituencies,地方選區,LC4,New Territories West,新界西,2,KWOK Wai-man Mealoha,郭慧文,,,F,女,,,DAB,民建聯,20/7/2020
Geographical Constituencies,地方選區,LC4,New Territories West,新界西,2,LEE Wang-fung,李宏峯,,,M,男,,,DAB,民建聯,20/7/2020
Geographical Constituencies,地方選區,LC4,New Territories West,新界西,2,LEUNG Kar-ming,梁嘉銘,,,F,女,District Council Member,區議員,DAB,民建聯,20/7/2020
Geographical Constituencies,地方選區,LC4,New Territories West,新界西,2,LI Sai-lung,李世隆,,,M,男,,,DAB,民建聯,20/7/2020
Geographical Constituencies,地方選區,LC4,New Territories West,新界西,2,NG Chun-yu,伍俊瑜,,,M,男,,,DAB,民建聯,20/7/2020
Geographical Constituencies,地方選區,LC4,New Territories West,新界西,2,PAU Ming-hong,鮑銘康,,,M,男,Assistant Co-ordinator,助理統籌主任,DAB,民建聯,20/7/2020
Geographical Constituencies,地方選區,LC4,New Territories West,新界西,2,TSANG Tai,曾大,,,M,男,Assistant Co-ordinator,助理統籌主任,DAB,民建聯,20/7/2020
Geographical Constituencies,地方選區,LC5,New Territories East,新界東,2,CHAN Yuk-ngor Estella,陳玉娥,Jenny,娥姐,F,女,Director,公司董事,Independent Non-affiliated Candidate,獨立無黨派候選人,18/7/2020
Functional Constituencies,功能界別,FC_ALLO,"Sports, Performing Arts, Culture and Publication",體育、演藝、文化及出版界,3,FOK Kai-kong Kenneth,霍啟剛,,,M,男,Merchant,商人,,,23/7/2020
Functional Constituencies,功能界別,FC_ALLO,Accountancy,會計界,3,TAM Heung-man,譚香文,,,F,女,Accountant,會計師,Pan Democratic,民主派,28/7/2020
Functional Constituencies,功能界別,FC_ALLO,Catering,飲食界,3,LO Hon-ho,盧翰豪,,,M,男,"Director, Food Factory",食物製造廠董事,,,27/7/2020
Functional Constituencies,功能界別,FC_ALLO,District Council (first),區議會（第一）,3,LAU Pui-yuk,劉佩玉,,,F,女,District Councillor,區議員,DAB,民建聯,27/7/2020
Functional Constituencies,功能界別,FC_ALLO,Education,教育界,3,CHIANG Man-ching,蔣旻正,,,M,男,"*Teacher, District Councilor, Editor, Writer",*教員、區議員、編輯、作者,,,27/7/2020
Functional Constituencies,功能界別,FC_ALLO,Engineering,工程界,3,WONG Wai-shun,黃偉信,,,M,男,Engineer,工程師,,,24/7/2020
Functional Constituencies,功能界別,FC_ALLO,Financial Services,金融服務界,3,CHEUNG Wah-fung Christopher,張華峯,,張華峰,M,男,Securities Dealer,證券交易商,Business and Professionals Alliance for Hong Kong,香港經濟民生聯盟,22/7/2020
Functional Constituencies,功能界別,FC_ALLO,Health Services,衞生服務界,3,CHAN Kwok-shing,陳國誠,,,M,男,Registered Nurse,註冊護士,,,30/7/2020
Functional Constituencies,功能界別,FC_ALLO,Information Technology,資訊科技界,3,LI Kai-ming,李啟明,,,M,男,,,,,30/7/2020
Functional Constituencies,功能界別,FC_ALLO,Labour,勞工界,3,LAM Chun-sing,林振昇,,,M,男,Trade Union Staff,工會工作者,The Federation of Hong Kong and Kowloon Labour Unions,港九勞工社團聯會,23/7/2020
Functional Constituencies,功能界別,FC_ALLO,Legal,法律界,3,DYKES Philip John,DYKES Philip John,,戴啓思,M,男,Senior Counsel,資深大律師,,,30/7/2020
Functional Constituencies,功能界別,FC_ALLO,Social Welfare,社會福利界,3,LUI Chi-hang Hendrick,呂智恆,,,M,男,Social Worker,社工,,本土抗爭,27/7/2020
Functional Constituencies,功能界別,FC_ALLO,Tourism,旅遊界,3,CHOW Kam-kei Frankie,周錦基,,,M,男,Director of Online Travel Media,網上旅遊媒體董事,Independent Candidate,獨立候選人,29/7/2020
Functional Constituencies,功能界別,FC_DS,District Council (second),區議會（第二）,3,KWONG Chun-yu,鄺俊宇,,,M,男,Legislative Councillor,立法會議員,The Democratic Party,民主黨,25/7/2020
Functional Constituencies,功能界別,FC_DS,District Council (second),區議會（第二）,3,LAI Chun-wing,黎駿穎,,,M,男,District Councilor,區議員,The Democratic Party,民主黨,25/7/2020
Geographical Constituencies,地方選區,LC1,Hong Kong Island,香港島,3,CHAN Hoi-wing,陳凱榮,,,M,男,Community Officer,社區主任,DAB,民建聯,18/7/2020
Geographical Constituencies,地方選區,LC1,Hong Kong Island,香港島,3,CHEUNG Kwok-kwan,張國鈞,,,M,男,Solicitor,律師,DAB,民建聯,18/7/2020
Geographical Constituencies,地方選區,LC1,Hong Kong Island,香港島,3,CHEUNG Wai-nam,張偉楠,,,M,男,Community Officer,社區主任,DAB,民建聯,18/7/2020
Geographical Constituencies,地方選區,LC1,Hong Kong Island,香港島,3,LAU Tin-ching,劉天正,,,M,男,Corporate Communication Officer,企業傳訊主任,DAB,民建聯,18/7/2020
Geographical Constituencies,地方選區,LC1,Hong Kong Island,香港島,3,MUK Ka-chun,穆家駿,,,M,男,Secondary School Teacher,中學教師,DAB,民建聯,18/7/2020
Geographical Constituencies,地方選區,LC2,Kowloon West,九龍西,3,CHENG Wing-shun Vincent,鄭泳舜,,,M,男,Legislative Councilor,立法會議員,Democratic Alliance for the Betterment and Progress of Hong Kong (DAB),民主建港協進聯盟(民建聯),22/7/2020
Geographical Constituencies,地方選區,LC2,Kowloon West,九龍西,3,LAM Tak-shing,林德成,,,M,男,District Councilor,區議員,Democratic Alliance for the Betterment and Progress of Hong Kong (DAB),民主建港協進聯盟(民建聯),22/7/2020
Geographical Constituencies,地方選區,LC2,Kowloon West,九龍西,3,LAM Wai-man Raymond,林偉文,,,M,男,,調解員,Democratic Alliance for the Betterment and Progress of Hong Kong (DAB),民主建港協進聯盟(民建聯),22/7/2020
Geographical Constituencies,地方選區,LC2,Kowloon West,九龍西,3,SIU Tin-hung,邵天虹,,,M,男,,社區幹事,Democratic Alliance for the Betterment and Progress of Hong Kong (DAB),民主建港協進聯盟(民建聯),22/7/2020
Geographical Constituencies,地方選區,LC3,Kowloon East,九龍東,3,WONG Chi-fung,黃之鋒,,,M,男,,,Democratic Camp,民主派,20/7/2020
Geographical Constituencies,地方選區,LC4,New Territories West,新界西,3,CHAN On-ni,陳安妮,,,F,女,,,The Hong Kong Federation of Trade Unions,香港工會聯合會,20/7/2020
Geographical Constituencies,地方選區,LC4,New Territories West,新界西,3,FU Hiu-lam Sammi,傅曉琳,,,F,女,Accountant,會計師,New People's Party,新民黨,20/7/2020
Geographical Constituencies,地方選區,LC4,New Territories West,新界西,3,HUANG Sihong,黃思鴻,,,F,女,,,The Hong Kong Federation of Trade Unions,香港工會聯合會,20/7/2020
Geographical Constituencies,地方選區,LC4,New Territories West,新界西,3,KOT Siu-yuen,葛兆源,,,M,男,Tsuen Wan District Councilor,荃灣區議員,The Hong Kong Federation of Trade Unions,香港工會聯合會,20/7/2020
Geographical Constituencies,地方選區,LC4,New Territories West,新界西,3,LAU Chin-pang,劉展鵬,,,M,男,,,The Hong Kong Federation of Trade Unions,香港工會聯合會,20/7/2020
Geographical Constituencies,地方選區,LC4,New Territories West,新界西,3,MAK Mei-kuen Alice,麥美娟,,,F,女,Legislative Councillor,立法會議員,The Hong Kong Federation of Trade Unions,香港工會聯合會,20/7/2020
Geographical Constituencies,地方選區,LC5,New Territories East,新界東,3,WONG Siu-kin,黃兆健,,,M,男,District Councillor,區議員,Civic Passion,熱血公民,18/7/2020
Functional Constituencies,功能界別,FC_ALLO,Accountancy,會計界,4,LAM Williamson,林全智,,,M,男,Certified Public Accountant,會計師,,,28/7/2020
Functional Constituencies,功能界別,FC_ALLO,Catering,飲食界,4,HO Wing-tsam,何頴沁,,,F,女,Businesswoman,商人,,,31/7/2020
Functional Constituencies,功能界別,FC_ALLO,District Council (first),區議會（第一）,4,ZIMMERMAN Paulus Johannes,司馬文,Paul Zimmerman,,M,男,District Councillor,區議員,Independent Democrat,獨立民主派,28/7/2020
Functional Constituencies,功能界別,FC_ALLO,Financial Services,金融服務界,4,LAM Ho-por Kelvin,林浩波,,,M,男,"District Councillor, Economic Adviser",區議員、經濟顧問,Pan-Democrats,民主派,30/7/2020
Functional Constituencies,功能界別,FC_ALLO,Health Services,衞生服務界,4,CHENG Siu-ping,鄭少萍,,,F,女,Nurse,護士,,,31/7/2020
Functional Constituencies,功能界別,FC_ALLO,Information Technology,資訊科技界,4,FUNG Chun-wah Sammy,馮振華,,,M,男,Data Engineer,數據工程師,,,31/7/2020
Functional Constituencies,功能界別,FC_ALLO,Labour,勞工界,4,HOU Chui-shan Heidi,侯翠珊,Cat,,F,女,Bartender,調酒師,Bartenders & Mixologists Union of Hong Kong (CHIEGU),香港調酒師工會（飲食及酒店業職工總會）,29/7/2020
Functional Constituencies,功能界別,FC_ALLO,Social Welfare,社會福利界,4,TSANG Kin-chiu,曾健超,,,M,男,"Registered Social Worker, District Councilor",註冊社工、區議員,Independent Pro-Democracy Camp,獨立民主派,29/7/2020
Functional Constituencies,功能界別,FC_DS,District Council (second),區議會（第二）,4,LEE Wai-king Starry,李慧琼,,,F,女,"Councillor, Accountant",議員、會計師,"DAB, FTU",民建聯、工聯會,27/7/2020
Functional Constituencies,功能界別,FC_DS,District Council (second),區議會（第二）,4,LO Yuen-ting,盧婉婷,,,F,女,District Councillor,區議員,"DAB, FTU",民建聯、工聯會,27/7/2020
Functional Constituencies,功能界別,FC_DS,District Council (second),區議會（第二）,4,NGAN Man-yu,顏汶羽,,,M,男,District Councillor,區議員,"DAB, FTU",民建聯、工聯會,27/7/2020
Functional Constituencies,功能界別,FC_DS,District Council (second),區議會（第二）,4,WAN Wo-tat Warwick,温和達,,,M,男,District Councillor,區議員,"DAB, FTU",民建聯、工聯會,27/7/2020
Geographical Constituencies,地方選區,LC1,Hong Kong Island,香港島,4,CHAN Wing-yan,陳榮恩,,,F,女,,地區工作者,FTU,工聯會,20/7/2020
Geographical Constituencies,地方選區,LC1,Hong Kong Island,香港島,4,HO Ngai-kam Stanley,何毅淦,,,M,男,,地區工作者,FTU,工聯會,20/7/2020
Geographical Constituencies,地方選區,LC1,Hong Kong Island,香港島,4,KWOK Wai-keung,郭偉强,,,M,男,,區議員、立法會議員,FTU,工聯會,20/7/2020
Geographical Constituencies,地方選區,LC1,Hong Kong Island,香港島,4,LEUNG Chung-yan Juan,梁頌恩,,,F,女,Insurance,,FTU,工聯會,20/7/2020
Geographical Constituencies,地方選區,LC1,Hong Kong Island,香港島,4,LUI Hung-pan,呂鴻賓,,,M,男,Social Worker,註冊社工,FTU,工聯會,20/7/2020
Geographical Constituencies,地方選區,LC2,Kowloon West,九龍西,4,SHAM Tsz-kit,岑子杰,Jimmy,,M,男,District Councillor,區議員,League of Social Democrats,社會民主連線,22/7/2020
Geographical Constituencies,地方選區,LC3,Kowloon East,九龍東,4,TAM Tak-chi,譚得志,,快必,M,男,"Radio Host, Political commentator",電台主持、政治評論員,People Power,人民力量,22/7/2020
Geographical Constituencies,地方選區,LC4,New Territories West,新界西,4,KWOK Ka-ki,郭家麒,,,M,男,"Surgeon, Legislative Council Member",外科醫生、立法會議員,Civic Party,公民黨,22/7/2020
Geographical Constituencies,地方選區,LC5,New Territories East,新界東,4,CHAN Hak-kan,陳克勤,,,M,男,Legislative Councilor,立法會議員,"DAB, NTAS",民建聯、新界社團聯會,22/7/2020
Geographical Constituencies,地方選區,LC5,New Territories East,新界東,4,LARM Wai-leung,藍偉良,,,M,男,,,Individual,獨立,22/7/2020
Geographical Constituencies,地方選區,LC5,New Territories East,新界東,4,LO Chi-ping,羅志平,,,M,男,,,"DAB, NTAS",民建聯、新界社團聯會,22/7/2020
Geographical Constituencies,地方選區,LC5,New Territories East,新界東,4,MUI Siu-fung,梅少峰,,,M,男,,,"DAB, NTAS",民建聯、新界社團聯會,22/7/2020
Geographical Constituencies,地方選區,LC5,New Territories East,新界東,4,PUN Hau-man,潘孝汶,,,M,男,,,"DAB, NTAS",民建聯、新界社團聯會,22/7/2020
Geographical Constituencies,地方選區,LC5,New Territories East,新界東,4,TSANG Hing-lung,曾興隆,,,M,男,,,"DAB, NTAS",民建聯、新界社團聯會,22/7/2020
Geographical Constituencies,地方選區,LC5,New Territories East,新界東,4,WOO Kin-man Clement,胡健民,,,M,男,,,"DAB, NTAS",民建聯、新界社團聯會,22/7/2020
Geographical Constituencies,地方選區,LC5,New Territories East,新界東,4,WU Cheuk-him,胡綽謙,,,M,男,,,"DAB, NTAS",民建聯、新界社團聯會,22/7/2020
Geographical Constituencies,地方選區,LC5,New Territories East,新界東,4,YIU Ming,姚銘,,,M,男,,,"DAB, NTAS",民建聯、新界社團聯會,22/7/2020
Functional Constituencies,功能界別,FC_ALLO,Accountancy,會計界,5,WONG Wang-tai,黃宏泰,,,M,男,Certified Public Accountant,會計師,,,29/7/2020
Functional Constituencies,功能界別,FC_ALLO,District Council (first),區議會（第一）,5,LEE Ka-wai,李家偉,,,M,男,Member of District Council,全職區議員,Independent,獨立,29/7/2020
Functional Constituencies,功能界別,FC_ALLO,Health Services,衞生服務界,5,LAU Hoi-man Michael Felix,劉凱文,,,M,男,Registered Nurse,註冊護士,Independent Democrat,獨立民主派,31/7/2020
Functional Constituencies,功能界別,FC_ALLO,Labour,勞工界,5,TANG Cheuk-man,鄧卓文,,,M,男,,,Hong Kong Information Technology Workers' Union,香港資訊科技界工會,29/7/2020
Functional Constituencies,功能界別,FC_ALLO,Social Welfare,社會福利界,5,TSANG Kam-wing,曾錦榮,,,M,男,Member of Tuen Mun District Council,屯門區議員,,,30/7/2020
Functional Constituencies,功能界別,FC_DS,District Council (second),區議會（第二）,5,LEE Hin-long,李軒朗,Timothy,,M,男,District Councillor,區議員,Independent Candidate,獨立候選人,29/7/2020
Functional Constituencies,功能界別,FC_DS,District Council (second),區議會（第二）,5,WONG Pak-yu,王百羽,Super Tank,超區坦克車,M,男,District Councillor,區議員,Independent Candidate,獨立候選人,29/7/2020
Geographical Constituencies,地方選區,LC1,Hong Kong Island,香港島,5,LEUNG Fong-wai Fergus,梁晃維,,,M,男,District Council Member,區議員,Independent,獨立,20/7/2020
Geographical Constituencies,地方選區,LC2,Kowloon West,九龍西,5,CHAN Kwok-wai,陳國偉,,,M,男,District Advisor,地區顧問,"Business and Professionals Alliance for Hong Kong, Kowloon West New Dynamic",香港經濟民生聯盟、西九新動力,22/7/2020
Geographical Constituencies,地方選區,LC2,Kowloon West,九龍西,5,LEE Chiu-yu,李超宇,,,M,男,Community Officer,社區主任,"Business and Professionals Alliance for Hong Kong, Kowloon West New Dynamic",香港經濟民生聯盟、西九新動力,22/7/2020
Geographical Constituencies,地方選區,LC2,Kowloon West,九龍西,5,LEUNG Man-kwong,梁文廣,,,M,男,Legislative Assistant,立法會議員助理,"Business and Professionals Alliance for Hong Kong, Kowloon West New Dynamic",香港經濟民生聯盟、西九新動力,22/7/2020
Geographical Constituencies,地方選區,LC2,Kowloon West,九龍西,5,LEUNG Mei-fun,梁美芬,,,F,女,"Legislative Councillor, Barrister-at-Law, Hong Kong",立法會議員、香港大律師,"Business and Professionals Alliance for Hong Kong, Kowloon West New Dynamic",香港經濟民生聯盟、西九新動力,22/7/2020
Geographical Constituencies,地方選區,LC3,Kowloon East,九龍東,5,TAM Man-ho Jeremy Jansen,譚文豪,,,M,男,Legislative Councillor,立法會議員,Civic Party,公民黨,22/7/2020
Geographical Constituencies,地方選區,LC4,New Territories West,新界西,5,CHONG Chin-ming,莊展銘,,,M,男,Director,公司董事,DAB,民建聯,22/7/2020
Geographical Constituencies,地方選區,LC4,New Territories West,新界西,5,CHOW Ho-ding Holden,周浩鼎,,,M,男,"Legislative Councilor, Solicitor",立法會議員、執業律師,DAB,民建聯,22/7/2020
Geographical Constituencies,地方選區,LC4,New Territories West,新界西,5,IP Chun-yuen,葉俊遠,,,M,男,Solicitor,執業律師,DAB,民建聯,22/7/2020
Geographical Constituencies,地方選區,LC4,New Territories West,新界西,5,LAI Ka-man,賴嘉汶,,,F,女,Tuen Mun District Council Member,屯門區議員,DAB,民建聯,22/7/2020
Geographical Constituencies,地方選區,LC4,New Territories West,新界西,5,SZE TO Chun-hin,司徒駿軒,,,M,男,Community Officer,社區幹事,DAB,民建聯,22/7/2020
Geographical Constituencies,地方選區,LC4,New Territories West,新界西,5,YIP Man-pan,葉文斌,,,M,男,Community Officer,社區主任,DAB,民建聯,22/7/2020
Geographical Constituencies,地方選區,LC5,New Territories East,新界東,5,CHAN Wan-tung,陳運通,,,M,男,District Councilor,區議員,,,22/7/2020
Geographical Constituencies,地方選區,LC5,New Territories East,新界東,5,CHIU Chu-pong,趙柱幫,,,M,男,District Councilor,區議員,,,22/7/2020
Geographical Constituencies,地方選區,LC5,New Territories East,新界東,5,HUI Yui-yu,許銳宇,,,M,男,District Councilor,區議員,,,22/7/2020
Geographical Constituencies,地方選區,LC5,New Territories East,新界東,5,LAU Wing-hong,劉頴匡,Ventus,,M,男,,,Localist,本土派,22/7/2020
Geographical Constituencies,地方選區,LC5,New Territories East,新界東,5,LI Chi-wang,李志宏,,,M,男,District Councilor,區議員,,,22/7/2020
Geographical Constituencies,地方選區,LC5,New Territories East,新界東,5,LO Tak-ming,盧德明,,,M,男,District Councilor,區議員,,,22/7/2020
Geographical Constituencies,地方選區,LC5,New Territories East,新界東,5,SHEK William,石威廉,,,M,男,District Councilor,區議員,,,22/7/2020
Geographical Constituencies,地方選區,LC5,New Territories East,新界東,5,WONG Ho-fung,黃浩鋒,,,M,男,District Councilor,區議員,,,22/7/2020
Geographical Constituencies,地方選區,LC5,New Territories East,新界東,5,WONG Hok-lai,黃學禮,,,M,男,District Councilor,區議員,,,22/7/2020
Functional Constituencies,功能界別,FC_ALLO,Accountancy,會計界,6,CHEUNG Wai-lun William,張煒麟,,,M,男,Accountant,會計師,,,30/7/2020
Functional Constituencies,功能界別,FC_ALLO,District Council (first),區議會（第一）,6,YAM Kai-bong,任啟邦,,,M,男,Full Time District Councilor,全職區議員,Neo Democrats,新民主同盟,29/7/2020
Functional Constituencies,功能界別,FC_ALLO,Labour,勞工界,6,TSUI Hau-lai,徐考澧,,,M,男,,,Hong Kong Confederation of Trade Union (CHIEGU-HKHEU),香港職工會聯盟、飲食及酒店業職工總會分會香港酒店工會,29/7/2020
Functional Constituencies,功能界別,FC_DS,District Council (second),區議會（第二）,6,CHAN Kim-kam,陳劍琴,,,F,女,District Councillor,區議員,,,29/7/2020
Geographical Constituencies,地方選區,LC1,Hong Kong Island,香港島,6,YUEN Ka-wai Tiffany,袁嘉蔚,,,F,女,District Councilor,區議員,Democrat,民主派,20/7/2020
Geographical Constituencies,地方選區,LC2,Kowloon West,九龍西,6,MO Man-ching Claudia,毛孟靜,,,F,女,Legislative Councillor,立法會議員,*Independent Democrat,*獨立民主派,22/7/2020
Geographical Constituencies,地方選區,LC3,Kowloon East,九龍東,6,LI Ka-tat,李嘉達,,,M,男,District Councilor,區議員,*Localist,*本土派,23/7/2020
Geographical Constituencies,地方選區,LC4,New Territories West,新界西,6,CHEUNG Ho-sum,張可森,,,M,男,Tuen Mun District Council Member,屯門區議員,Tuen Mun Community Network,屯門社區網絡,27/7/2020
Geographical Constituencies,地方選區,LC5,New Territories East,新界東,6,HO Kwai-lam,何桂藍,,,F,女,,,Democrats,民主派,22/7/2020
Functional Constituencies,功能界別,FC_ALLO,District Council (first),區議會（第一）,7,MAK Tak-ching,麥德正,,,M,男,District Councillor,區議員,Labour Party,工黨,30/7/2020
Functional Constituencies,功能界別,FC_ALLO,Labour,勞工界,7,YAU Yiu-shing,丘燿誠,,,M,男,Union Worker,工會工作者,,,31/7/2020
Geographical Constituencies,地方選區,LC1,Hong Kong Island,香港島,7,CHENG Tat-hung,鄭達鴻,,,M,男,District Councillor,區議員,Civic Party,公民黨,22/7/2020
Geographical Constituencies,地方選區,LC2,Kowloon West,九龍西,7,HO Kai-ming Kalvin,何啟明,,,M,男,,,ADPL,民協,22/7/2020
Geographical Constituencies,地方選區,LC2,Kowloon West,九龍西,7,LEE Hon-ting,利瀚庭,,,M,男,,,ADPL,民協,22/7/2020
Geographical Constituencies,地方選區,LC3,Kowloon East,九龍東,7,TSE Wai-chun Paul,謝偉俊,,,M,男,Solicitor,律師,Independent,獨立,25/7/2020
Geographical Constituencies,地方選區,LC4,New Territories West,新界西,7,WONG Ji-yuet,黃子悅,,,F,女,Student,學生,,,27/7/2020
Geographical Constituencies,地方選區,LC5,New Territories East,新界東,7,YEUNG Alvin Ngok-kiu,楊岳橋,,,M,男,Barrister,執業大律師,Civic Party,公民黨,22/7/2020
Functional Constituencies,功能界別,FC_ALLO,District Council (first),區議會（第一）,8,MOCK Ho-chit Sean,莫灝哲,,,M,男,District Councilor,區議員,Choi Hung Estate Social Service Association,彩虹邨服務聯會,30/7/2020
Geographical Constituencies,地方選區,LC1,Hong Kong Island,香港島,8,HUI Chi-fung,許智峯,,,M,男,Full-time Legislative Council Member,全職立法會議員,The Democratic Party,民主黨,25/7/2020
Geographical Constituencies,地方選區,LC2,Kowloon West,九龍西,8,CHEUNG Kwan-yang Sunny,張崑陽,,,M,男,,,,民主派,22/7/2020
Geographical Constituencies,地方選區,LC3,Kowloon East,九龍東,8,CHENG Keng-ieong,鄭景陽,,,M,男,District Councillor,區議員,The Democratic Party,民主黨,27/7/2020
Geographical Constituencies,地方選區,LC3,Kowloon East,九龍東,8,MOK Ka-han Rosanda,莫嘉嫻,,,F,女,District Councillor,區議員,The Democratic Party,民主黨,27/7/2020
Geographical Constituencies,地方選區,LC3,Kowloon East,九龍東,8,WU Chi-wai,胡志偉,,,M,男,Legislative Councillor,立法會議員,The Democratic Party,民主黨,27/7/2020
Geographical Constituencies,地方選區,LC4,New Territories West,新界西,8,LEUNG Fei-suet,梁飛雪,,,F,女,Doctoral Student of Business Administration,工商管理博士研究生,,,27/7/2020
Geographical Constituencies,地方選區,LC5,New Territories East,新界東,8,CHAN Pok-chi,陳博智,,,M,男,,,DAB,民建聯,22/7/2020
Geographical Constituencies,地方選區,LC5,New Territories East,新界東,8,LI Ka-leung Philip,李家良,,,M,男,,,DAB,民建聯,22/7/2020
Geographical Constituencies,地方選區,LC5,New Territories East,新界東,8,LI Sai-wing,李世榮,,,M,男,CEO of NGO,非政府機構總幹事,"DAB, NTAS",民建聯、新界社團聯會,22/7/2020
Geographical Constituencies,地方選區,LC5,New Territories East,新界東,8,NG Kai-tai,吳啟泰,,,M,男,,,DAB,民建聯,22/7/2020
Geographical Constituencies,地方選區,LC5,New Territories East,新界東,8,QUAT Elizabeth,葛珮帆,EQ,,F,女,Legislative Council Member,立法會議員,DAB,民建聯,22/7/2020
Geographical Constituencies,地方選區,LC5,New Territories East,新界東,8,SZE Pan-pan,施彬彬,Amber,小施妹,F,女,Community Officer,社區主任,DAB,民建聯,22/7/2020
Geographical Constituencies,地方選區,LC5,New Territories East,新界東,8,TUNG Kin-lei,董健莉,,,F,女,Community Worker,社區工作者,DAB,民建聯,22/7/2020
Geographical Constituencies,地方選區,LC5,New Territories East,新界東,8,WAN Kai-ming,温啟明,,,M,男,,,DAB,民建聯,22/7/2020
Geographical Constituencies,地方選區,LC5,New Territories East,新界東,8,WONG Ping-fan,黃冰芬,,,F,女,Community Worker,社區工作者,DAB,民建聯,22/7/2020
Geographical Constituencies,地方選區,LC1,Hong Kong Island,香港島,9,CHAN Judy Kapui,陳家珮,,,F,女,Regional Development Officer,區域發展主任,New People's Party,新民黨,27/7/2020
Geographical Constituencies,地方選區,LC1,Hong Kong Island,香港島,9,CHAU Cheuk-yin,周卓然,,,M,男,Senior Manager of a Bank,銀行經理,New People's Party,新民黨,27/7/2020
Geographical Constituencies,地方選區,LC1,Hong Kong Island,香港島,9,IP LAU Suk-yee Regina,葉劉淑儀,,,F,女,Member of Legislative Council & Executive Council,立法會議員及行政會議成員,New People's Party,新民黨,27/7/2020
Geographical Constituencies,地方選區,LC1,Hong Kong Island,香港島,9,KWOK Ho-king Calvin,郭浩景,,,M,男,Financial Quantitative Analyst,金融計量分析師,New People's Party,新民黨,27/7/2020
Geographical Constituencies,地方選區,LC1,Hong Kong Island,香港島,9,LIU Tin-shing,廖添誠,,,M,男,Lecturer,講師,New People's Party,新民黨,27/7/2020
Geographical Constituencies,地方選區,LC2,Kowloon West,九龍西,9,POON Chuk-hung,潘焯鴻,,,M,男,Businessman,商人,Independent,獨立,27/7/2020
Geographical Constituencies,地方選區,LC3,Kowloon East,九龍東,9,LEUNG Jannelle Rosalynne,梁凱晴,,,F,女,District Councillor of Kwun Tong,觀塘區議員,Democratic Camp,民主派,27/7/2020
Geographical Constituencies,地方選區,LC4,New Territories West,新界西,9,CUA Chiu-fai David,柯朝暉,,大衛Sir,M,男,Senior Tutor,高級導師,Independent Candidate,獨立候選人,27/7/2020
Geographical Constituencies,地方選區,LC4,New Territories West,新界西,9,HO Kwan-yiu,何君堯,,,M,男,"Lawyer, LegCo Member",律師、立法會議員,Independent Candidate,獨立候選人,27/7/2020
Geographical Constituencies,地方選區,LC4,New Territories West,新界西,9,HUI Man-fung Matthew,許民楓,,黑超哥,M,男,Business Manager,業務經理,Independent Candidate,獨立候選人,27/7/2020
Geographical Constituencies,地方選區,LC4,New Territories West,新界西,9,YEUNG Kwun-wah,楊官華,,華記,M,男,Businessman,商人,Independent Candidate,獨立候選人,27/7/2020
Geographical Constituencies,地方選區,LC5,New Territories East,新界東,9,CHAN Chi-chuen Raymond,陳志全,Slowbeat,慢必,M,男,Member of Legislative Council,立法會議員,People Power,人民力量,22/7/2020
Geographical Constituencies,地方選區,LC1,Hong Kong Island,香港島,10,YUEN Mi-chang,袁彌昌,,,M,男,Senior Research Consultant,高級研究顧問,,,27/7/2020
Geographical Constituencies,地方選區,LC2,Kowloon West,九龍西,10,SIN Chi-wing,冼志榮,,,M,男,,工人,,,27/7/2020
Geographical Constituencies,地方選區,LC2,Kowloon West,九龍西,10,YEUNG Wai-yip,楊偉業,,,M,男,,裝修工程,,,27/7/2020
Geographical Constituencies,地方選區,LC3,Kowloon East,九龍東,10,KWOK Chi-chung,郭志聰,,,M,男,District Councillor,區議員,Democratic Camp,民主派,31/7/2020
Geographical Constituencies,地方選區,LC4,New Territories West,新界西,10,CHU Hoi-dick Eddie,朱凱廸,,,M,男,Legislative Councillor,立法會議員,,,28/7/2020
Geographical Constituencies,地方選區,LC5,New Territories East,新界東,10,FAN Gary Kwok-wai,范國威,,,M,男,District Councillor,區議員,Neo Democrats,新民主同盟,23/7/2020
Geographical Constituencies,地方選區,LC5,New Territories East,新界東,10,LAI Ming-chak,黎銘澤,,,M,男,District Councillor,區議員,Neo Democrats,新民主同盟,23/7/2020
Geographical Constituencies,地方選區,LC1,Hong Kong Island,香港島,11,LEE Yue-shun,李予信,,,M,男,"Registered Social Worker, District Councillor",註冊社工、東區區議員,Civic Party,公民黨,30/7/2020
Geographical Constituencies,地方選區,LC2,Kowloon West,九龍西,11,CHENG Sze-lut,鄭司律,,,M,男,*Policy Researcher,*政策研究員,,獨立民主派,29/7/2020
Geographical Constituencies,地方選區,LC3,Kowloon East,九龍東,11,CHEUNG Mau-ching,張茂清,,,M,男,District Councillor,區議員,The Democratic Party,民主黨,31/7/2020
Geographical Constituencies,地方選區,LC3,Kowloon East,九龍東,11,IP Tsz-kit,葉梓傑,,,M,男,District Councillor,區議員,The Democratic Party,民主黨,31/7/2020
Geographical Constituencies,地方選區,LC4,New Territories West,新界西,11,NG Kin-wai,伍健偉,K,,M,男,Yuen Long District Councilor,元朗區議員,TSWConnection,天水連線,28/7/2020
Geographical Constituencies,地方選區,LC5,New Territories East,新界東,11,CHAN Chi-ho,陳志豪,,,M,男,"Senior Manager, Community Officer",上市公司高級經理、社區工作者,"New People's Party, Civil Force",新民黨、公民力量,25/7/2020
Geographical Constituencies,地方選區,LC5,New Territories East,新界東,11,CHAN Man-kuen,陳敏娟,,,F,女,Community Officer,社區工作者,"New People's Party, Civil Force",新民黨、公民力量,25/7/2020
Geographical Constituencies,地方選區,LC5,New Territories East,新界東,11,HUNG Wing-yip,孔永業,,,M,男,Community Officer,社區工作者,"New People's Party, Civil Force",新民黨、公民力量,25/7/2020
Geographical Constituencies,地方選區,LC5,New Territories East,新界東,11,LAM Yu-sing,林宇星,,,M,男,Community Officer,社區工作者,"New People's Party, Civil Force",新民黨、公民力量,25/7/2020
Geographical Constituencies,地方選區,LC5,New Territories East,新界東,11,LAW Yi-lam,羅伊琳,,,F,女,Community Officer,社區工作者,"New People's Party, Civil Force",新民黨、公民力量,25/7/2020
Geographical Constituencies,地方選區,LC5,New Territories East,新界東,11,LEE Tsz-king Dominic,李梓敬,,,M,男,"Company Director, KOL, Community Officer",公司董事、KOL、社區工作者,"New People's Party, Civil Force",新民黨、公民力量,25/7/2020
Geographical Constituencies,地方選區,LC5,New Territories East,新界東,11,PUN Kwok-shan,潘國山,,,M,男,Community Officer,社區工作者,"New People's Party, Civil Force",新民黨、公民力量,25/7/2020
Geographical Constituencies,地方選區,LC5,New Territories East,新界東,11,TANG Siu-fung Calvin,鄧肇峰,,,M,男,Community Officer,社區工作者,,,25/7/2020
Geographical Constituencies,地方選區,LC5,New Territories East,新界東,11,WONG Yue-hon,黃宇翰,,,M,男,Community Officer,社區工作者,Civil Force,公民力量,25/7/2020
Geographical Constituencies,地方選區,LC1,Hong Kong Island,香港島,12,YEUNG Tsz-chun,楊子俊,,,M,男,Teacher,教師,Democrat,民主派,30/7/2020
Geographical Constituencies,地方選區,LC2,Kowloon West,九龍西,12,LAM Siu-pan,林兆彬,Ben,,M,男,District Councillor,區議員,,,31/7/2020
Geographical Constituencies,地方選區,LC2,Kowloon West,九龍西,12,SUM Sung-sheung,岑崇尚,Max,,M,男,Office Director,辦公室主任,,,31/7/2020
Geographical Constituencies,地方選區,LC3,Kowloon East,九龍東,12,LEI Tsz-shing,李梓成,Shing,梓成,M,男,Community Worker,社區工作者,,,31/7/2020
Geographical Constituencies,地方選區,LC4,New Territories West,新界西,12,CHENG Chit-pun,鄭捷彬,,,M,男,Community Development Officer,社區發展主任,Roundtable,實政圓桌,28/7/2020
Geographical Constituencies,地方選區,LC4,New Territories West,新界西,12,CHONG Ho-fung,莊豪鋒,,,M,男,Engineer,工程師,Roundtable,實政圓桌,28/7/2020
Geographical Constituencies,地方選區,LC4,New Territories West,新界西,12,TIEN Michael Puk-sun,田北辰,,,M,男,,,Roundtable,實政圓桌,28/7/2020
Geographical Constituencies,地方選區,LC4,New Territories West,新界西,12,TSUI Hiu-kit,徐曉杰,,,M,男,District Councilor,區議員,Roundtable,實政圓桌,28/7/2020
Geographical Constituencies,地方選區,LC5,New Territories East,新界東,12,KWOK Long-fung,郭㙟豐,,,M,男,North District Council Member,北區區議員,The Democratic Party,民主黨,27/7/2020
Geographical Constituencies,地方選區,LC5,New Territories East,新界東,12,LAM Cheuk-ting,林卓廷,,,M,男,"Legislative Council Member, North District Council Member",立法會議員、北區區議員,The Democratic Party,民主黨,27/7/2020
Geographical Constituencies,地方選區,LC5,New Territories East,新界東,12,NG Ting-lam Kudama,吳定霖,,,F,女,Sha Tin District Council Member,沙田區議員,The Democratic Party,民主黨,27/7/2020
Geographical Constituencies,地方選區,LC5,New Territories East,新界東,12,WONG Hoi-ying,黃凱盈,,,F,女,North District Council Member,北區區議員,The Democratic Party,民主黨,27/7/2020
Geographical Constituencies,地方選區,LC1,Hong Kong Island,香港島,13,LAI Yee-man,賴綺雯,Alice,,F,女,Designer,設計師,Conservative Party,保守黨,30/7/2020
Geographical Constituencies,地方選區,LC2,Kowloon West,九龍西,13,CHAN Tsz-wai,陳梓維,,,M,男,District Councillor,區議員,,,31/7/2020
Geographical Constituencies,地方選區,LC3,Kowloon East,九龍東,13,CHENG Man-kit,鄭文杰,JC,,M,男,District Council Member,區議會議員,Civic Party,公民黨,31/7/2020
Geographical Constituencies,地方選區,LC4,New Territories West,新界西,13,HON Chun-yin,韓俊賢,,,M,男,District Councillor,區議員,The Democratic Party,民主黨,29/7/2020
Geographical Constituencies,地方選區,LC4,New Territories West,新界西,13,LAI Man-fai,賴文輝,,,M,男,District Councillor,區議員,The Democratic Party,民主黨,29/7/2020
Geographical Constituencies,地方選區,LC4,New Territories West,新界西,13,LAM Ting-wai,林廷衞,,,M,男,District Councillor,區議員,The Democratic Party,民主黨,29/7/2020
Geographical Constituencies,地方選區,LC4,New Territories West,新界西,13,LEUNG Wing-kuen,梁永權,,,M,男,District Councillor,區議員,The Democratic Party,民主黨,29/7/2020
Geographical Constituencies,地方選區,LC4,New Territories West,新界西,13,LO Chun-yu,盧俊宇,,,M,男,District Councillor,區議員,The Democratic Party,民主黨,29/7/2020
Geographical Constituencies,地方選區,LC4,New Territories West,新界西,13,LO Wai-ming,盧偉明,,,M,男,HKPTU Deputy Chief Executive,教協副總幹事,The Democratic Party,民主黨,29/7/2020
Geographical Constituencies,地方選區,LC4,New Territories West,新界西,13,NG Hin-wang,伍軒宏,,,M,男,District Councillor,區議員,The Democratic Party,民主黨,29/7/2020
Geographical Constituencies,地方選區,LC4,New Territories West,新界西,13,WAN Siu-kin Andrew,尹兆堅,,,M,男,Legislative Councillor,立法會議員,The Democratic Party,民主黨,29/7/2020
Geographical Constituencies,地方選區,LC4,New Territories West,新界西,13,YICK Shing-chung Angus,易承聰,,,M,男,District Councillor,區議員,The Democratic Party,民主黨,29/7/2020
Geographical Constituencies,地方選區,LC5,New Territories East,新界東,13,LEE Jack Kai-tik,李啟迪,,,M,男,Former Private Bank Assistant Vice President,前私人銀行助理副總裁,Hope League,希望聯盟,28/7/2020
Geographical Constituencies,地方選區,LC1,Hong Kong Island,香港島,14,SO Yat-hang,蘇逸恒,,,M,男,Full Time District Council Member,全職區議員,The Democratic Party,民主黨,31/7/2020
Geographical Constituencies,地方選區,LC2,Kowloon West,九龍西,14,CHAN Ming-kei,陳銘基,,,M,男,,,ADPL,民協,31/7/2020
Geographical Constituencies,地方選區,LC2,Kowloon West,九龍西,14,KONG Kwai-sang,江貴生,,,M,男,District Councillor,區議員,ADPL,民協,31/7/2020
Geographical Constituencies,地方選區,LC3,Kowloon East,九龍東,14,CHONG Chi-kit,莊智傑,,,M,男,,,,,31/7/2020
Geographical Constituencies,地方選區,LC4,New Territories West,新界西,14,HUI Hau-leung,許孝良,,,M,男,Freelancer,自由工作者,,,29/7/2020
Geographical Constituencies,地方選區,LC5,New Territories East,新界東,14,CHOW Ka-shing,鄒家成,Owen,,M,男,Student,學生,,,28/7/2020
Geographical Constituencies,地方選區,LC1,Hong Kong Island,香港島,15,YEUNG Suet-ying Clarisse,楊雪盈,,,F,女,District Councillor,區議員,Independent Democrat,獨立民主派,31/7/2020
Geographical Constituencies,地方選區,LC2,Kowloon West,九龍西,15,CHAN Hing-lun,陳慶麟,,,M,男,Student,學生,,,31/7/2020
Geographical Constituencies,地方選區,LC2,Kowloon West,九龍西,15,NG Yuet-lan,伍月蘭,,,F,女,District Councillor,區議員,,,31/7/2020
Geographical Constituencies,地方選區,LC4,New Territories West,新界西,15,WONG Tin-yau,黃天佑,,,M,男,Solicitor,事務律師,,,29/7/2020
Geographical Constituencies,地方選區,LC5,New Territories East,新界東,15,CHIU Pui-yuk Joyce,趙佩玉,,守城者,F,女,Retired Nursery Teacher,退休幼兒園老師,Peaceful Friendship Independent Candidate,和平友愛獨立候選人,28/7/2020
Geographical Constituencies,地方選區,LC1,Hong Kong Island,香港島,16,CHUI Chi-kin,徐子見,,,M,男,District Councillor,區議員,,,31/7/2020
Geographical Constituencies,地方選區,LC4,New Territories West,新界西,16,CHAN Shu-fai Eddie,陳樹暉,,,M,男,District Councillor,區議員,,,30/7/2020
Geographical Constituencies,地方選區,LC4,New Territories West,新界西,16,FUNG Siu-yin,馮小燕,,,F,女,Community Organizer,社區幹事,,,30/7/2020
Geographical Constituencies,地方選區,LC4,New Territories West,新界西,16,WONG Pit-man,王必敏,,,F,女,District Councillor,區議員,,,30/7/2020
Geographical Constituencies,地方選區,LC5,New Territories East,新界東,16,CHEUNG Ching-ho Franco,張正皓,,,M,男,District Councilor,區議員,Independent,獨立,29/7/2020
Geographical Constituencies,地方選區,LC5,New Territories East,新界東,16,LAW Ting-fai,羅庭輝,,,M,男,Businessman,商人,Independent,獨立,29/7/2020
Geographical Constituencies,地方選區,LC5,New Territories East,新界東,16,LAW Ting-tak,羅庭德,,,M,男,North District Council Chairman,北區區議會主席,Independent,獨立,29/7/2020
Geographical Constituencies,地方選區,LC1,Hong Kong Island,香港島,17,LAI Ching-ting,賴政婷,,,F,女,Student,學生,Democrat,民主派,31/7/2020
Geographical Constituencies,地方選區,LC4,New Territories West,新界西,17,LAU Chun-yin,劉俊延,,,M,男,Bank Assistant Manager,銀行助理經理,,,30/7/2020
Geographical Constituencies,地方選區,LC5,New Territories East,新界東,17,FONG Kwok-shan Christine,方國珊,,哪吒,F,女,"Elected Councillor, Engineer",民選議員、工程師,Livelihood First,最貼地民生派,29/7/2020
Geographical Constituencies,地方選區,LC5,New Territories East,新界東,17,LEE Sze-long,李思朗,,,M,男,Community Officer,社區幹事,Livelihood First,最貼地民生派,29/7/2020
Geographical Constituencies,地方選區,LC5,New Territories East,新界東,17,LUK Sau-ching,陸秀貞,,,F,女,Community Officer,社區幹事,Livelihood First,最貼地民生派,29/7/2020
Geographical Constituencies,地方選區,LC1,Hong Kong Island,香港島,18,TE Wing-chi,戴穎姿,,,F,女,Student,學生,,,31/7/2020
Geographical Constituencies,地方選區,LC4,New Territories West,新界西,18,MO Kwan-tai Michael,巫堃泰,,,M,男,District Councilor,區議員,,,30/7/2020
Geographical Constituencies,地方選區,LC5,New Territories East,新界東,18,YIU Koon-tung Antony,姚冠東,,阿東,M,男,Creative Director,廣告創作總監,Universal Participation,全民參政,29/7/2020
Geographical Constituencies,地方選區,LC4,New Territories West,新界西,19,TSE Man-chak,謝旻澤,,,M,男,District Council Member,區議員,,,31/7/2020
Geographical Constituencies,地方選區,LC5,New Territories East,新界東,19,AU Cheuk-hei,區倬僖,,,M,男,University Student,大學生,Independent,獨立,30/7/2020
Geographical Constituencies,地方選區,LC4,New Territories West,新界西,20,LEUNG Kwok-ho,梁國豪,,,M,男,District Councillor,區議員,,,31/7/2020
Geographical Constituencies,地方選區,LC5,New Territories East,新界東,20,CHAN Ka-lam,陳嘉琳,Debby,,F,女,District Councilor,區議員,Democrats,民主派,30/7/2020
Geographical Constituencies,地方選區,LC4,New Territories West,新界西,21,LO Chun-man Oscar,盧俊文,,,M,男,,,,,31/7/2020
Geographical Constituencies,地方選區,LC5,New Territories East,新界東,21,FUNG Tat-chun Frankie,馮達浚,,,M,男,,,Independent Candidate,獨立候選人,31/7/2020
Geographical Constituencies,地方選區,LC5,New Territories East,新界東,21,WONG Ka-yan,王嘉欣,,,F,女,,,Independent Candidate,獨立候選人,31/7/2020
Geographical Constituencies,地方選區,LC4,New Territories West,新界西,22,LEUNG Ka-sin Jessica,梁嘉善,,,F,女,Barrister-at-Law,執業大律師,Civic Party,公民黨,31/7/2020
Geographical Constituencies,地方選區,LC5,New Territories East,新界東,22,SO Ho,蘇浩,,,M,男,Legislative Assistant,議員助理,People Power,人民力量,31/7/2020
Geographical Constituencies,地方選區,LC4,New Territories West,新界西,23,CHOI Wai-yuen,蔡蔚苑,,,F,女,,,,,31/7/2020
Geographical Constituencies,地方選區,LC5,New Territories East,新界東,23,CHONG Wing-fai Winfield,莊榮輝,,,M,男,,,,,31/7/2020
Geographical Constituencies,地方選區,LC5,New Territories East,新界東,23,SIN Cheuk-nam,冼卓嵐,,,M,男,,,,,31/7/2020
Geographical Constituencies,地方選區,LC4,New Territories West,新界西,24,CHIU Po-kam Lucia,趙寶琴,,,F,女,Registered Nurse,註册護士,,,31/7/2020
Geographical Constituencies,地方選區,LC4,New Territories West,新界西,24,WONG Chun-lam,王振霖,,,M,男,Bus Driver,巴士車長,,,31/7/2020
Geographical Constituencies,地方選區,LC5,New Territories East,新界東,24,CHEUNG Oi-ling,張愛羚,,,F,女,Educator,教育工作者,Independent Candidate,獨立候選人,31/7/2020
Geographical Constituencies,地方選區,LC5,New Territories East,新界東,25,TSANG Ka-lam,曾家霖,,,M,男,,,,,31/7/2020
Geographical Constituencies,地方選區,LC5,New Territories East,新界東,26,WONG Man-huen,黃文萱,,,F,女,Shatin District Councillor,沙田區議員,Civic Party,公民黨,31/7/2020
Geographical Constituencies,地方選區,LC5,New Territories East,新界東,27,CHAN Kwok-keung,陳國強,James,,M,男,Merchant,商人,,,31/7/2020
Geographical Constituencies,地方選區,LC5,New Territories East,新界東,28,LAM Sze-yiu,林思瑤,,,F,女,Assistant of District Councilor,議員助理,Democrats,民主派,31/7/2020